Date,Open,High,Low,Close*,Adj Close**,Volume
"Oct 07, 2022","3,706.74","3,706.74","3,620.73","3,639.66","3,639.66","2,716,138,000"
"Oct 03, 2022","3,609.78","3,806.91","3,604.93","3,639.66","3,639.66","22,948,200,000"
"Sep 26, 2022","3,682.72","3,736.74","3,584.13","3,585.62","3,585.62","24,475,900,000"
"Sep 19, 2022","3,849.91","3,907.07","3,647.47","3,693.23","3,693.23","21,332,100,000"
"Sep 12, 2022","4,083.67","4,119.28","3,837.08","3,873.33","3,873.33","24,728,470,000"
"Sep 05, 2022","3,930.89","4,076.81","3,886.75","4,067.36","4,067.36","15,886,450,000"
"Aug 29, 2022","4,034.58","4,062.99","3,903.65","3,924.26","3,924.26","17,840,950,000"
"Aug 22, 2022","4,195.08","4,203.04","4,057.66","4,057.66","4,057.66","15,691,240,000"
"Aug 15, 2022","4,269.37","4,325.28","4,218.70","4,228.48","4,228.48","16,255,850,000"
"Aug 08, 2022","4,155.93","4,280.47","4,112.09","4,280.15","4,280.15","18,117,740,000"
"Aug 01, 2022","4,112.38","4,167.66","4,079.81","4,145.19","4,145.19","18,072,230,000"
"Jul 25, 2022","3,965.72","4,140.15","3,910.74","4,130.29","4,130.29","17,356,830,000"
"Jul 18, 2022","3,883.79","4,012.44","3,818.63","3,961.63","3,961.63","16,859,220,000"
"Jul 11, 2022","3,880.94","3,880.94","3,721.56","3,863.16","3,863.16","16,313,500,000"
"Jul 04, 2022","3,792.61","3,918.50","3,742.06","3,899.38","3,899.38","14,223,350,000"
"Jun 27, 2022","3,920.76","3,945.86","3,738.67","3,825.33","3,825.33","17,735,450,000"
"Jun 20, 2022","3,715.31","3,913.65","3,715.31","3,911.74","3,911.74","19,287,840,000"
"Jun 13, 2022","3,838.15","3,838.15","3,636.87","3,674.84","3,674.84","24,639,140,000"
"Jun 06, 2022","4,134.72","4,168.78","3,900.16","3,900.86","3,900.86","17,547,150,000"
"May 30, 2022","4,151.09","4,177.51","4,073.85","4,108.54","4,108.54","16,049,940,000"
"May 23, 2022","3,919.42","4,158.49","3,875.13","4,158.24","4,158.24","19,139,100,000"
"May 16, 2022","4,013.02","4,090.72","3,810.32","3,901.36","3,901.36","20,590,520,000"
"May 09, 2022","4,081.27","4,081.27","3,858.87","4,023.89","4,023.89","23,166,570,000"
"May 02, 2022","4,130.61","4,307.66","4,062.51","4,123.34","4,123.34","21,039,720,000"
"Apr 25, 2022","4,255.34","4,308.45","4,124.28","4,131.93","4,131.93","19,610,750,000"
"Apr 18, 2022","4,385.63","4,512.94","4,267.62","4,271.78","4,271.78","18,149,540,000"
"Apr 11, 2022","4,462.64","4,471.00","4,381.34","4,392.59","4,392.59","13,812,410,000"
"Apr 04, 2022","4,547.97","4,593.45","4,450.04","4,488.28","4,488.28","19,383,860,000"
"Mar 28, 2022","4,541.09","4,637.30","4,507.57","4,545.86","4,545.86","19,212,230,000"
"Mar 21, 2022","4,462.40","4,546.03","4,424.30","4,543.06","4,543.06","19,089,240,000"
"Mar 14, 2022","4,202.75","4,465.40","4,161.72","4,463.12","4,463.12","24,946,690,000"
"Mar 07, 2022","4,327.01","4,327.01","4,157.87","4,204.31","4,204.31","23,849,630,000"
"Feb 28, 2022","4,354.17","4,416.78","4,279.54","4,328.87","4,328.87","22,302,830,000"
"Feb 21, 2022","4,332.74","4,385.34","4,114.65","4,384.65","4,384.65","16,834,460,000"
"Feb 14, 2022","4,412.61","4,489.55","4,327.22","4,348.87","4,348.87","17,775,970,000"
"Feb 07, 2022","4,505.75","4,590.03","4,401.41","4,418.64","4,418.64","19,119,200,000"
"Jan 31, 2022","4,431.79","4,595.31","4,414.02","4,500.53","4,500.53","18,846,100,000"
"Jan 24, 2022","4,356.32","4,453.23","4,222.62","4,431.85","4,431.85","21,218,590,000"
"Jan 17, 2022","4,632.24","4,632.24","4,395.34","4,397.94","4,397.94","14,131,200,000"
"Jan 10, 2022","4,655.34","4,748.83","4,582.24","4,662.85","4,662.85","17,126,800,000"
"Jan 03, 2022","4,778.14","4,818.62","4,662.74","4,677.03","4,677.03","16,800,900,000"
"Dec 27, 2021","4,733.99","4,808.93","4,733.99","4,766.18","4,766.18","11,687,720,000"
"Dec 20, 2021","4,587.90","4,740.74","4,531.10","4,725.79","4,725.79","10,594,350,000"
"Dec 13, 2021","4,710.30","4,731.99","4,600.22","4,620.64","4,620.64","19,184,960,000"
"Dec 06, 2021","4,548.37","4,713.57","4,540.51","4,712.02","4,712.02","15,411,530,000"
"Nov 29, 2021","4,628.75","4,672.95","4,495.12","4,538.43","4,538.43","20,242,840,000"
"Nov 22, 2021","4,712.00","4,743.83","4,585.43","4,594.62","4,594.62","11,775,840,000"
"Nov 15, 2021","4,689.30","4,717.75","4,672.78","4,697.96","4,697.96","15,279,660,000"
"Nov 08, 2021","4,701.48","4,714.92","4,630.86","4,682.85","4,682.85","15,646,510,000"
"Nov 01, 2021","4,610.62","4,718.50","4,595.06","4,697.53","4,697.53","16,397,220,000"
"Oct 25, 2021","4,553.69","4,608.08","4,537.36","4,605.38","4,605.38","16,206,040,000"
"Oct 18, 2021","4,463.72","4,559.67","4,447.47","4,544.90","4,544.90","13,966,070,000"
"Oct 11, 2021","4,385.44","4,475.82","4,329.92","4,471.37","4,471.37","13,758,090,000"
"Oct 04, 2021","4,348.84","4,429.97","4,278.94","4,391.34","4,391.34","14,795,520,000"
"Sep 27, 2021","4,442.12","4,457.30","4,288.52","4,357.04","4,357.04","15,555,390,000"
"Sep 20, 2021","4,402.95","4,465.40","4,305.91","4,455.48","4,455.48","15,697,030,000"
"Sep 13, 2021","4,474.81","4,492.99","4,427.76","4,432.99","4,432.99","17,763,120,000"
"Sep 06, 2021","4,535.38","4,535.38","4,457.66","4,458.58","4,458.58","11,793,790,000"
"Aug 30, 2021","4,513.76","4,545.85","4,513.76","4,535.43","4,535.43","14,256,180,000"
"Aug 23, 2021","4,450.29","4,513.33","4,450.29","4,509.37","4,509.37","14,124,930,000"
"Aug 16, 2021","4,461.65","4,480.26","4,367.73","4,441.67","4,441.67","14,544,990,000"
"Aug 09, 2021","4,437.77","4,468.37","4,424.74","4,468.00","4,468.00","13,718,270,000"
"Aug 02, 2021","4,406.86","4,440.82","4,373.00","4,436.52","4,436.52","15,182,090,000"
"Jul 26, 2021","4,409.58","4,429.97","4,372.51","4,395.26","4,395.26","14,952,430,000"
"Jul 19, 2021","4,296.40","4,415.18","4,233.13","4,411.79","4,411.79","17,267,170,000"
"Jul 12, 2021","4,372.41","4,393.68","4,322.53","4,327.16","4,327.16","15,756,840,000"
"Jul 05, 2021","4,356.46","4,371.60","4,289.37","4,369.55","4,369.55","12,813,860,000"
"Jun 28, 2021","4,284.90","4,355.43","4,274.67","4,352.34","4,352.34","15,859,180,000"
"Jun 21, 2021","4,173.40","4,286.12","4,173.40","4,280.70","4,280.70","19,163,010,000"
"Jun 14, 2021","4,248.31","4,257.16","4,164.40","4,166.45","4,166.45","20,949,640,000"
"Jun 07, 2021","4,229.34","4,249.74","4,208.41","4,247.44","4,247.44","18,389,070,000"
"May 31, 2021","4,216.52","4,234.12","4,167.93","4,229.89","4,229.89","17,050,410,000"
"May 24, 2021","4,170.16","4,218.36","4,170.16","4,204.11","4,204.11","19,443,140,000"
"May 17, 2021","4,169.92","4,188.72","4,061.41","4,155.86","4,155.86","16,716,150,000"
"May 10, 2021","4,228.29","4,236.39","4,056.88","4,173.85","4,173.85","17,946,860,000"
"May 03, 2021","4,191.98","4,238.04","4,128.59","4,232.60","4,232.60","21,049,220,000"
"Apr 26, 2021","4,185.03","4,218.78","4,174.85","4,181.17","4,181.17","19,777,170,000"
"Apr 19, 2021","4,179.80","4,194.17","4,118.38","4,180.17","4,180.17","19,795,190,000"
"Apr 12, 2021","4,124.71","4,191.31","4,114.82","4,185.47","4,185.47","19,468,590,000"
"Apr 05, 2021","4,034.44","4,129.48","4,034.44","4,128.80","4,128.80","19,677,100,000"
"Mar 29, 2021","3,969.31","4,020.63","3,943.25","4,019.87","4,019.87","17,439,630,000"
"Mar 22, 2021","3,916.48","3,978.19","3,853.50","3,974.54","3,974.54","24,132,360,000"
"Mar 15, 2021","3,942.96","3,983.87","3,886.75","3,913.10","3,913.10","25,796,900,000"
"Mar 08, 2021","3,844.39","3,960.27","3,819.25","3,943.34","3,943.34","26,945,080,000"
"Mar 01, 2021","3,842.51","3,914.50","3,723.34","3,841.94","3,841.94","30,700,830,000"
"Feb 22, 2021","3,885.55","3,928.65","3,789.54","3,811.15","3,811.15","31,119,200,000"
"Feb 15, 2021","3,939.61","3,950.43","3,885.03","3,906.71","3,906.71","19,353,010,000"
"Feb 08, 2021","3,892.59","3,937.23","3,884.94","3,934.83","3,934.83","22,694,360,000"
"Feb 01, 2021","3,731.17","3,894.56","3,725.62","3,886.83","3,886.83","25,430,390,000"
"Jan 25, 2021","3,851.68","3,870.90","3,694.12","3,714.24","3,714.24","36,413,520,000"
"Jan 18, 2021","3,781.88","3,861.45","3,780.37","3,841.47","3,841.47","19,099,620,000"
"Jan 11, 2021","3,803.14","3,823.60","3,749.62","3,768.25","3,768.25","24,551,330,000"
"Jan 04, 2021","3,764.61","3,826.69","3,662.71","3,824.68","3,824.68","25,484,320,000"
"Dec 28, 2020","3,723.03","3,760.20","3,723.03","3,756.07","3,756.07","13,232,200,000"
"Dec 21, 2020","3,684.28","3,711.24","3,636.48","3,703.06","3,703.06","14,413,820,000"
"Dec 14, 2020","3,675.27","3,726.70","3,645.84","3,709.41","3,709.41","24,265,420,000"
"Dec 07, 2020","3,694.73","3,712.39","3,633.40","3,663.46","3,663.46","23,533,560,000"
"Nov 30, 2020","3,634.18","3,699.20","3,594.39","3,699.12","3,699.12","26,902,810,000"
"Nov 23, 2020","3,566.82","3,644.31","3,552.77","3,638.35","3,638.35","18,984,870,000"
"Nov 16, 2020","3,600.16","3,628.51","3,543.84","3,557.54","3,557.54","23,922,170,000"
"Nov 09, 2020","3,583.04","3,645.99","3,511.91","3,585.15","3,585.15","28,790,600,000"
"Nov 02, 2020","3,296.20","3,529.05","3,279.74","3,509.44","3,509.44","22,988,840,000"
"Oct 26, 2020","3,441.42","3,441.42","3,233.94","3,269.96","3,269.96","22,808,450,000"
"Oct 19, 2020","3,493.66","3,502.42","3,415.34","3,465.39","3,465.39","19,895,410,000"
"Oct 12, 2020","3,500.02","3,549.85","3,440.89","3,483.81","3,483.81","19,268,280,000"
"Oct 05, 2020","3,367.27","3,482.34","3,354.54","3,477.14","3,477.14","19,733,380,000"
"Sep 28, 2020","3,333.90","3,397.18","3,323.69","3,348.42","3,348.42","20,352,550,000"
"Sep 21, 2020","3,285.57","3,323.35","3,209.45","3,298.46","3,298.46","21,547,840,000"
"Sep 14, 2020","3,363.56","3,428.92","3,292.40","3,319.47","3,319.47","24,034,260,000"
"Sep 07, 2020","3,371.88","3,425.55","3,310.47","3,340.97","3,340.97","16,483,130,000"
"Aug 31, 2020","3,509.73","3,588.11","3,349.63","3,426.96","3,426.96","22,040,710,000"
"Aug 24, 2020","3,418.09","3,509.23","3,413.13","3,508.01","3,508.01","18,887,790,000"
"Aug 17, 2020","3,380.86","3,399.96","3,354.69","3,397.16","3,397.16","18,785,350,000"
"Aug 10, 2020","3,356.04","3,387.89","3,326.44","3,372.85","3,372.85","20,016,990,000"
"Aug 03, 2020","3,288.26","3,352.54","3,284.53","3,351.28","3,351.28","22,369,880,000"
"Jul 27, 2020","3,219.84","3,272.17","3,204.13","3,271.12","3,271.12","22,039,370,000"
"Jul 20, 2020","3,224.29","3,279.99","3,200.05","3,215.63","3,215.63","20,959,710,000"
"Jul 13, 2020","3,205.08","3,238.28","3,127.66","3,224.73","3,224.73","21,991,770,000"
"Jul 06, 2020","3,155.29","3,186.82","3,115.70","3,185.04","3,185.04","23,572,210,000"
"Jun 29, 2020","3,018.59","3,165.81","2,999.74","3,130.01","3,130.01","17,793,010,000"
"Jun 22, 2020","3,094.42","3,154.90","3,004.63","3,009.05","3,009.05","27,870,950,000"
"Jun 15, 2020","2,993.76","3,155.53","2,965.66","3,097.74","3,097.74","28,876,100,000"
"Jun 08, 2020","3,199.92","3,233.13","2,984.47","3,041.31","3,041.31","34,241,980,000"
"Jun 01, 2020","3,038.78","3,211.72","3,031.54","3,193.93","3,193.93","30,895,920,000"
"May 25, 2020","3,004.08","3,068.67","2,969.75","3,044.31","3,044.31","24,886,040,000"
"May 18, 2020","2,913.86","2,980.29","2,913.86","2,955.45","2,955.45","25,246,330,000"
"May 11, 2020","2,915.46","2,945.82","2,766.64","2,863.70","2,863.70","27,177,120,000"
"May 04, 2020","2,815.01","2,932.16","2,797.85","2,929.80","2,929.80","24,736,450,000"
"Apr 27, 2020","2,854.65","2,954.86","2,821.61","2,830.71","2,830.71","28,763,560,000"
"Apr 20, 2020","2,845.62","2,868.98","2,727.10","2,836.74","2,836.74","26,476,650,000"
"Apr 13, 2020","2,782.46","2,879.22","2,721.17","2,874.56","2,874.56","27,017,230,000"
"Apr 06, 2020","2,578.28","2,818.57","2,574.57","2,789.82","2,789.82","27,169,090,000"
"Mar 30, 2020","2,558.98","2,641.39","2,447.49","2,488.65","2,488.65","30,804,590,000"
"Mar 23, 2020","2,290.71","2,637.01","2,191.86","2,541.47","2,541.47","37,182,690,000"
"Mar 16, 2020","2,508.59","2,562.98","2,280.52","2,304.92","2,304.92","41,887,220,000"
"Mar 09, 2020","2,863.89","2,882.59","2,478.86","2,711.02","2,711.02","40,521,170,000"
"Mar 02, 2020","2,974.28","3,136.72","2,901.54","2,972.37","2,972.37","29,895,510,000"
"Feb 24, 2020","3,257.61","3,259.81","2,855.84","2,954.22","2,954.22","31,535,270,000"
"Feb 17, 2020","3,369.04","3,393.52","3,328.45","3,337.75","3,337.75","15,253,460,000"
"Feb 10, 2020","3,318.28","3,385.09","3,317.77","3,380.16","3,380.16","18,033,560,000"
"Feb 03, 2020","3,235.66","3,347.96","3,235.66","3,327.71","3,327.71","19,469,980,000"
"Jan 27, 2020","3,247.16","3,293.47","3,214.68","3,225.52","3,225.52","19,249,400,000"
"Jan 20, 2020","3,321.03","3,337.77","3,281.53","3,295.47","3,295.47","15,197,180,000"
"Jan 13, 2020","3,271.13","3,329.88","3,268.43","3,329.62","3,329.62","18,071,600,000"
"Jan 06, 2020","3,217.55","3,282.99","3,214.64","3,265.35","3,265.35","17,666,700,000"
"Dec 30, 2019","3,240.09","3,258.14","3,212.03","3,234.85","3,234.85","12,826,640,000"
"Dec 23, 2019","3,226.05","3,247.93","3,220.51","3,240.02","3,240.02","8,946,500,000"
"Dec 16, 2019","3,183.63","3,225.65","3,183.63","3,221.22","3,221.22","22,078,130,000"
"Dec 09, 2019","3,141.86","3,182.68","3,126.09","3,168.80","3,168.80","17,669,880,000"
"Dec 02, 2019","3,143.85","3,150.60","3,070.33","3,145.91","3,145.91","17,452,390,000"
"Nov 25, 2019","3,117.44","3,154.26","3,117.44","3,140.98","3,140.98","12,883,230,000"
"Nov 18, 2019","3,117.91","3,127.64","3,091.41","3,110.29","3,110.29","18,008,990,000"
"Nov 11, 2019","3,080.33","3,120.46","3,075.82","3,120.46","3,120.46","16,622,540,000"
"Nov 04, 2019","3,078.96","3,097.77","3,065.89","3,093.08","3,093.08","20,734,960,000"
"Oct 28, 2019","3,032.12","3,066.95","3,023.19","3,066.91","3,066.91","18,956,670,000"
"Oct 21, 2019","2,996.48","3,027.39","2,991.21","3,022.55","3,022.55","17,251,350,000"
"Oct 14, 2019","2,965.81","3,008.29","2,962.94","2,986.20","2,986.20","15,500,580,000"
"Oct 07, 2019","2,944.23","2,993.28","2,892.66","2,970.27","2,970.27","15,821,120,000"
"Sep 30, 2019","2,967.07","2,992.53","2,855.94","2,952.01","2,952.01","17,212,640,000"
"Sep 23, 2019","2,983.50","3,007.98","2,945.53","2,961.79","2,961.79","16,694,510,000"
"Sep 16, 2019","2,996.41","3,021.99","2,978.57","2,992.07","2,992.07","20,728,050,000"
"Sep 09, 2019","2,988.43","3,020.74","2,957.01","3,007.39","3,007.39","19,633,130,000"
"Sep 02, 2019","2,909.01","2,985.86","2,891.85","2,978.71","2,978.71","13,689,030,000"
"Aug 26, 2019","2,866.70","2,940.43","2,853.05","2,926.46","2,926.46","15,673,290,000"
"Aug 19, 2019","2,913.48","2,939.08","2,834.97","2,847.11","2,847.11","16,118,550,000"
"Aug 12, 2019","2,907.07","2,943.31","2,825.51","2,888.68","2,888.68","18,553,910,000"
"Aug 05, 2019","2,898.07","2,938.72","2,822.12","2,918.65","2,918.65","20,616,730,000"
"Jul 29, 2019","3,024.47","3,025.61","2,914.11","2,932.05","2,932.05","20,098,430,000"
"Jul 22, 2019","2,981.93","3,027.98","2,976.65","3,025.86","3,025.86","16,649,220,000"
"Jul 15, 2019","3,017.80","3,017.80","2,973.09","2,976.61","2,976.61","15,904,160,000"
"Jul 08, 2019","2,979.77","3,013.92","2,963.44","3,013.77","3,013.77","15,216,580,000"
"Jul 01, 2019","2,971.41","2,995.84","2,952.22","2,990.41","2,990.41","11,118,040,000"
"Jun 24, 2019","2,951.42","2,954.92","2,912.99","2,941.76","2,941.76","18,736,050,000"
"Jun 17, 2019","2,889.75","2,964.15","2,887.30","2,950.46","2,950.46","18,441,710,000"
"Jun 10, 2019","2,885.83","2,910.61","2,874.68","2,886.98","2,886.98","15,783,900,000"
"Jun 03, 2019","2,751.53","2,884.97","2,728.81","2,873.34","2,873.34","17,942,620,000"
"May 27, 2019","2,830.03","2,840.51","2,750.52","2,752.06","2,752.06","15,076,270,000"
"May 20, 2019","2,841.94","2,868.88","2,805.49","2,826.06","2,826.06","16,479,450,000"
"May 13, 2019","2,840.19","2,892.15","2,801.43","2,859.53","2,859.53","16,938,710,000"
"May 06, 2019","2,908.89","2,937.32","2,825.39","2,881.40","2,881.40","17,602,830,000"
"Apr 29, 2019","2,940.58","2,954.13","2,900.50","2,945.64","2,945.64","17,800,970,000"
"Apr 22, 2019","2,898.78","2,939.88","2,896.35","2,939.88","2,939.88","16,755,720,000"
"Apr 15, 2019","2,908.32","2,918.00","2,891.90","2,905.03","2,905.03","13,599,690,000"
"Apr 08, 2019","2,888.46","2,910.54","2,873.33","2,907.41","2,907.41","15,751,420,000"
"Apr 01, 2019","2,848.63","2,893.24","2,848.63","2,892.74","2,892.74","16,459,900,000"
"Mar 25, 2019","2,796.01","2,836.03","2,785.02","2,834.40","2,834.40","16,914,430,000"
"Mar 18, 2019","2,822.61","2,860.31","2,800.47","2,800.71","2,800.71","18,727,610,000"
"Mar 11, 2019","2,747.61","2,830.73","2,747.61","2,822.48","2,822.48","20,361,870,000"
"Mar 04, 2019","2,814.37","2,816.88","2,722.27","2,743.07","2,743.07","18,620,090,000"
"Feb 25, 2019","2,804.35","2,813.49","2,775.13","2,803.69","2,803.69","19,586,400,000"
"Feb 18, 2019","2,769.28","2,794.20","2,764.55","2,792.67","2,792.67","14,356,680,000"
"Feb 11, 2019","2,712.40","2,775.66","2,703.79","2,775.60","2,775.60","18,338,580,000"
"Feb 04, 2019","2,706.49","2,738.98","2,681.83","2,707.88","2,707.88","18,114,780,000"
"Jan 28, 2019","2,644.97","2,716.66","2,624.06","2,706.53","2,706.53","19,661,740,000"
"Jan 21, 2019","2,657.88","2,672.38","2,612.86","2,664.76","2,664.76","14,490,970,000"
"Jan 14, 2019","2,580.31","2,675.47","2,570.41","2,670.71","2,670.71","18,859,550,000"
"Jan 07, 2019","2,535.61","2,597.82","2,524.56","2,596.26","2,596.26","19,379,210,000"
"Dec 31, 2018","2,498.94","2,538.07","2,443.96","2,531.94","2,531.94","15,212,300,000"
"Dec 24, 2018","2,400.56","2,520.27","2,346.58","2,485.74","2,485.74","14,647,150,000"
"Dec 17, 2018","2,590.75","2,601.13","2,408.55","2,416.62","2,416.62","27,409,960,000"
"Dec 10, 2018","2,630.86","2,685.44","2,583.23","2,599.95","2,599.95","19,978,530,000"
"Dec 03, 2018","2,790.50","2,800.18","2,621.53","2,633.08","2,633.08","18,044,060,000"
"Nov 26, 2018","2,649.97","2,760.88","2,649.97","2,760.17","2,760.17","19,100,190,000"
"Nov 19, 2018","2,730.74","2,733.16","2,631.09","2,632.56","2,632.56","13,016,000,000"
"Nov 12, 2018","2,773.93","2,775.99","2,670.75","2,736.27","2,736.27","20,319,060,000"
"Nov 05, 2018","2,726.37","2,815.15","2,717.94","2,781.01","2,781.01","18,698,510,000"
"Oct 29, 2018","2,682.65","2,756.55","2,603.54","2,723.06","2,723.06","23,838,850,000"
"Oct 22, 2018","2,773.94","2,778.94","2,628.16","2,658.69","2,658.69","21,802,950,000"
"Oct 15, 2018","2,763.83","2,816.94","2,749.03","2,767.78","2,767.78","17,233,120,000"
"Oct 08, 2018","2,877.53","2,894.83","2,710.51","2,767.13","2,767.13","20,208,740,000"
"Oct 01, 2018","2,926.29","2,939.86","2,869.29","2,885.57","2,885.57","17,190,620,000"
"Sep 24, 2018","2,921.83","2,931.15","2,903.28","2,913.98","2,913.98","16,539,460,000"
"Sep 17, 2018","2,903.83","2,940.91","2,886.16","2,929.67","2,929.67","18,247,730,000"
"Sep 10, 2018","2,881.39","2,908.30","2,866.78","2,904.98","2,904.98","15,300,720,000"
"Sep 03, 2018","2,896.96","2,900.18","2,864.12","2,871.68","2,871.68","12,404,170,000"
"Aug 27, 2018","2,884.69","2,916.50","2,884.69","2,901.52","2,901.52","14,011,570,000"
"Aug 20, 2018","2,853.93","2,876.16","2,850.62","2,874.69","2,874.69","13,894,820,000"
"Aug 13, 2018","2,835.46","2,855.63","2,802.49","2,850.13","2,850.13","16,024,470,000"
"Aug 06, 2018","2,840.29","2,863.43","2,825.81","2,833.28","2,833.28","15,312,600,000"
"Jul 30, 2018","2,819.00","2,840.38","2,796.34","2,840.35","2,840.35","17,132,630,000"
"Jul 23, 2018","2,799.17","2,848.03","2,795.14","2,818.82","2,818.82","16,947,010,000"
"Jul 16, 2018","2,797.36","2,816.76","2,789.24","2,801.83","2,801.83","15,449,650,000"
"Jul 09, 2018","2,775.62","2,804.53","2,770.73","2,801.31","2,801.31","14,514,320,000"
"Jul 02, 2018","2,704.95","2,764.41","2,698.95","2,759.82","2,759.82","10,493,320,000"
"Jun 25, 2018","2,742.94","2,746.09","2,691.99","2,718.37","2,718.37","17,980,020,000"
"Jun 18, 2018","2,765.79","2,774.99","2,743.19","2,754.88","2,754.88","19,026,830,000"
"Jun 11, 2018","2,780.18","2,791.47","2,761.73","2,779.66","2,779.66","19,368,250,000"
"Jun 04, 2018","2,741.67","2,779.90","2,739.51","2,779.03","2,779.03","17,380,480,000"
"May 28, 2018","2,705.11","2,736.93","2,676.81","2,734.62","2,734.62","15,217,440,000"
"May 21, 2018","2,735.39","2,742.24","2,707.38","2,721.33","2,721.33","15,963,780,000"
"May 14, 2018","2,738.47","2,742.10","2,701.91","2,712.97","2,712.97","16,310,100,000"
"May 07, 2018","2,680.34","2,732.86","2,655.20","2,727.72","2,727.72","17,060,780,000"
"Apr 30, 2018","2,682.51","2,682.87","2,594.62","2,663.42","2,663.42","18,483,840,000"
"Apr 23, 2018","2,675.40","2,683.55","2,612.67","2,669.91","2,669.91","17,108,410,000"
"Apr 16, 2018","2,670.10","2,717.49","2,660.61","2,670.14","2,670.14","16,375,430,000"
"Apr 09, 2018","2,617.18","2,680.26","2,610.79","2,656.30","2,656.30","15,609,880,000"
"Apr 02, 2018","2,633.45","2,672.08","2,553.80","2,604.47","2,604.47","16,820,340,000"
"Mar 26, 2018","2,619.35","2,674.78","2,593.06","2,640.87","2,640.87","14,647,940,000"
"Mar 19, 2018","2,741.38","2,741.38","2,585.89","2,588.26","2,588.26","17,533,550,000"
"Mar 12, 2018","2,790.54","2,801.90","2,741.47","2,752.01","2,752.01","18,750,700,000"
"Mar 05, 2018","2,681.06","2,786.57","2,675.75","2,786.57","2,786.57","17,051,190,000"
"Feb 26, 2018","2,757.37","2,789.15","2,647.32","2,691.25","2,691.25","19,786,810,000"
"Feb 19, 2018","2,722.99","2,747.76","2,697.77","2,747.30","2,747.30","14,297,470,000"
"Feb 12, 2018","2,636.75","2,754.42","2,622.45","2,732.22","2,732.22","18,854,770,000"
"Feb 05, 2018","2,741.06","2,763.39","2,532.69","2,619.55","2,619.55","26,787,200,000"
"Jan 29, 2018","2,867.23","2,870.62","2,759.97","2,762.13","2,762.13","20,065,340,000"
"Jan 22, 2018","2,809.16","2,872.87","2,808.12","2,872.87","2,872.87","18,283,880,000"
"Jan 15, 2018","2,798.96","2,810.33","2,768.64","2,810.30","2,810.30","15,424,920,000"
"Jan 08, 2018","2,742.67","2,787.85","2,736.06","2,786.24","2,786.24","17,487,770,000"
"Jan 01, 2018","2,683.73","2,743.45","2,682.36","2,743.15","2,743.15","13,837,790,000"
"Dec 25, 2017","2,679.09","2,692.12","2,673.61","2,673.61","2,673.61","8,767,680,000"
"Dec 18, 2017","2,685.92","2,694.97","2,676.11","2,683.34","2,683.34","16,007,500,000"
"Dec 11, 2017","2,652.19","2,679.63","2,651.47","2,675.81","2,675.81","19,343,950,000"
"Dec 04, 2017","2,657.19","2,665.19","2,624.75","2,651.50","2,651.50","17,189,740,000"
"Nov 27, 2017","2,602.66","2,657.74","2,598.87","2,642.22","2,642.22","19,454,370,000"
"Nov 20, 2017","2,579.49","2,604.21","2,578.24","2,602.42","2,602.42","10,448,990,000"
"Nov 13, 2017","2,576.53","2,590.09","2,557.45","2,578.85","2,578.85","17,216,450,000"
"Nov 06, 2017","2,587.47","2,597.02","2,566.33","2,582.30","2,582.30","18,566,610,000"
"Oct 30, 2017","2,577.75","2,588.42","2,566.17","2,587.84","2,587.84","18,915,260,000"
"Oct 23, 2017","2,578.08","2,582.98","2,544.00","2,581.07","2,581.07","18,269,710,000"
"Oct 16, 2017","2,555.57","2,575.44","2,547.92","2,575.21","2,575.21","15,178,860,000"
"Oct 09, 2017","2,551.39","2,557.65","2,541.60","2,553.17","2,553.17","14,721,510,000"
"Oct 02, 2017","2,521.20","2,552.51","2,520.40","2,549.33","2,549.33","15,215,390,000"
"Sep 25, 2017","2,499.39","2,519.44","2,488.03","2,519.36","2,519.36","16,177,570,000"
"Sep 18, 2017","2,502.51","2,508.85","2,496.54","2,502.22","2,502.22","15,770,230,000"
"Sep 11, 2017","2,474.52","2,500.23","2,474.52","2,500.23","2,500.23","18,158,360,000"
"Sep 04, 2017","2,470.35","2,471.97","2,446.55","2,461.43","2,461.43","13,521,090,000"
"Aug 28, 2017","2,447.35","2,480.38","2,428.20","2,476.55","2,476.55","14,107,780,000"
"Aug 21, 2017","2,425.50","2,454.77","2,417.35","2,443.05","2,443.05","13,786,300,000"
"Aug 14, 2017","2,454.96","2,474.93","2,420.69","2,425.55","2,425.55","15,247,600,000"
"Aug 07, 2017","2,477.14","2,490.87","2,437.75","2,441.32","2,441.32","16,365,480,000"
"Jul 31, 2017","2,475.94","2,480.38","2,466.48","2,476.83","2,476.83","17,288,810,000"
"Jul 24, 2017","2,472.04","2,484.04","2,459.93","2,472.10","2,472.10","17,965,610,000"
"Jul 17, 2017","2,459.50","2,477.62","2,450.34","2,472.54","2,472.54","15,057,410,000"
"Jul 10, 2017","2,424.51","2,463.54","2,412.79","2,459.27","2,459.27","15,081,810,000"
"Jul 03, 2017","2,431.39","2,439.17","2,407.70","2,425.18","2,425.18","11,595,360,000"
"Jun 26, 2017","2,443.32","2,450.42","2,405.70","2,423.41","2,423.41","17,565,550,000"
"Jun 19, 2017","2,442.55","2,453.82","2,430.74","2,438.30","2,438.30","19,022,570,000"
"Jun 12, 2017","2,425.88","2,443.75","2,418.53","2,433.15","2,433.15","19,496,610,000"
"Jun 05, 2017","2,437.83","2,446.20","2,415.70","2,431.77","2,431.77","17,598,940,000"
"May 29, 2017","2,411.67","2,440.23","2,403.59","2,439.07","2,439.07","15,038,090,000"
"May 22, 2017","2,387.21","2,418.71","2,386.92","2,415.82","2,415.82","16,116,730,000"
"May 15, 2017","2,393.98","2,405.77","2,352.72","2,381.73","2,381.73","19,201,970,000"
"May 08, 2017","2,399.94","2,403.87","2,381.74","2,390.90","2,390.90","17,759,610,000"
"May 01, 2017","2,388.50","2,399.29","2,379.75","2,399.29","2,399.29","18,809,590,000"
"Apr 24, 2017","2,370.33","2,398.16","2,369.19","2,384.20","2,384.20","19,608,540,000"
"Apr 17, 2017","2,332.62","2,361.37","2,332.51","2,348.69","2,348.69","16,765,230,000"
"Apr 10, 2017","2,357.16","2,366.37","2,328.95","2,328.95","2,328.95","12,243,670,000"
"Apr 03, 2017","2,362.34","2,378.36","2,344.73","2,355.54","2,355.54","16,648,230,000"
"Mar 27, 2017","2,329.11","2,370.42","2,322.25","2,362.72","2,362.72","16,227,480,000"
"Mar 20, 2017","2,378.24","2,381.93","2,335.74","2,343.98","2,343.98","17,128,980,000"
"Mar 13, 2017","2,371.56","2,390.01","2,358.18","2,378.25","2,378.25","18,757,070,000"
"Mar 06, 2017","2,375.23","2,378.80","2,354.54","2,372.60","2,372.60","17,712,480,000"
"Feb 27, 2017","2,365.23","2,400.98","2,358.96","2,383.12","2,383.12","19,514,510,000"
"Feb 20, 2017","2,354.91","2,368.26","2,352.87","2,367.34","2,367.34","14,895,280,000"
"Feb 13, 2017","2,321.72","2,351.31","2,321.42","2,351.16","2,351.16","17,831,660,000"
"Feb 06, 2017","2,294.28","2,319.23","2,285.38","2,316.10","2,316.10","17,320,440,000"
"Jan 30, 2017","2,286.01","2,298.31","2,267.21","2,297.42","2,297.42","19,001,010,000"
"Jan 23, 2017","2,267.78","2,300.99","2,257.02","2,294.69","2,294.69","17,555,940,000"
"Jan 16, 2017","2,269.14","2,276.96","2,258.41","2,271.31","2,271.31","13,591,180,000"
"Jan 09, 2017","2,273.59","2,279.27","2,254.25","2,274.64","2,274.64","17,020,210,000"
"Jan 02, 2017","2,251.57","2,282.10","2,245.13","2,276.98","2,276.98","14,637,130,000"
"Dec 26, 2016","2,266.23","2,273.82","2,233.62","2,238.83","2,238.83","9,386,710,000"
"Dec 19, 2016","2,259.24","2,272.56","2,256.08","2,263.79","2,263.79","14,296,250,000"
"Dec 12, 2016","2,258.83","2,277.53","2,248.44","2,258.07","2,258.07","22,387,610,000"
"Dec 05, 2016","2,200.65","2,259.80","2,199.97","2,259.53","2,259.53","20,337,430,000"
"Nov 28, 2016","2,210.21","2,214.10","2,187.44","2,191.95","2,191.95","21,589,430,000"
"Nov 21, 2016","2,186.43","2,213.35","2,186.43","2,213.35","2,213.35","12,568,190,000"
"Nov 14, 2016","2,165.64","2,189.89","2,156.08","2,181.90","2,181.90","21,123,210,000"
"Nov 07, 2016","2,100.59","2,182.30","2,100.59","2,164.45","2,164.45","25,356,830,000"
"Oct 31, 2016","2,129.78","2,133.25","2,083.79","2,085.18","2,085.18","20,427,740,000"
"Oct 24, 2016","2,148.50","2,154.79","2,119.36","2,126.41","2,126.41","19,108,200,000"
"Oct 17, 2016","2,132.95","2,148.44","2,124.43","2,141.16","2,141.16","16,149,080,000"
"Oct 10, 2016","2,160.39","2,169.60","2,114.72","2,132.98","2,132.98","16,140,520,000"
"Oct 03, 2016","2,164.33","2,165.86","2,144.01","2,153.74","2,153.74","17,876,430,000"
"Sep 26, 2016","2,158.54","2,175.30","2,141.55","2,168.27","2,168.27","18,967,960,000"
"Sep 19, 2016","2,143.99","2,179.99","2,135.91","2,164.69","2,164.69","16,885,840,000"
"Sep 12, 2016","2,120.86","2,163.30","2,119.12","2,139.16","2,139.16","20,204,330,000"
"Sep 05, 2016","2,181.61","2,187.87","2,127.81","2,127.81","2,127.81","14,728,870,000"
"Aug 29, 2016","2,173.56","2,184.87","2,157.09","2,179.98","2,179.98","10,249,630,000"
